<beans xmlns="http://www.springframework.org/schema/beans"
	xmlns:xsi="http://www.w3.org/2001/XMLSchema-instance"
	xmlns:p="http://www.springframework.org/schema/p"
	xmlns:context="http://www.springframework.org/schema/context"
	xmlns:tx="http://www.springframework.org/schema/tx"
	
	xsi:schemaLocation="http://www.springframework.org/schema/beans
						http://www.springframework.org/schema/beans/spring-beans-3.0.xsd
						http://www.springframework.org/schema/context
						http://www.springframework.org/schema/context/spring-context-3.0.xsd
						http://www.springframework.org/schema/tx
						http://www.springframework.org/schema/tx/spring-tx-3.0.xsd"> 


	<context:annotation-config/>
	
	<context:component-scan base-package="sys"/>
	
	<bean id="dataSource" class="org.apache.commons.dbcp2.BasicDataSource">
		<property name="driverClassName" value="com.mysql.jdbc.Driver" />
		<property name="url" value="jdbc:mysql://localhost:3306/test" />
		<property name="username" value="redy5" />
		<property name="password" value="1488" />
		<property name="initialSize" value="5" />
		<property name="maxTotal" value="10" />
	</bean>
	
	<bean id="emf" class= "org.springframework.orm.jpa.LocalContainerEntityManagerFactoryBean">
		<property name="persistenceXmlLocation" value="persistence.xml"/>
		<property name="dataSource" ref="dataSource" />
		<property name="jpaVendorAdapter" ref="jpaVendorAdapter" />
	</bean>

	<bean id="jpaVendorAdapter" class="org.springframework.orm.jpa.vendor.HibernateJpaVendorAdapter">
		<property name="database" value="MYSQL" />
		<property name="showSql" value="true"/>
		<property name="generateDdl" value="false"/>
		<property name="databasePlatform" value="org.hibernate.dialect.MySQLDialect" />
	</bean>
	
	<bean class="org.springframework.dao.annotation.PersistenceExceptionTranslationPostProcessor"/>
	
	<bean class="org.springframework.orm.jpa.support.PersistenceAnnotationBeanPostProcessor"/>
	
	<bean id="transactionManager" class="org.springframework.orm.jpa.JpaTransactionManager">
		<property name="entityManagerFactory" ref="emf" />
		<property name="dataSource" ref="dataSource" />
	</bean>
	
	<bean id="WorkWithLectures" class="sys.WorkWithLectures" />
	<bean id="WorkWithStudents" class="sys.WorkWithStudents" />
	<bean id="WorkWithTeacher" class="sys.WorkWithTeacher" />
	
	<tx:annotation-driven/>
	
</beans>